Workbook

Sheet Config_Coil
A1: Configurations de bobines — comparaison / dimensionnement
A2: Une ligne = une configuration de bobine. L'aimant N'EST PLUS fixe dans le code : chaque ligne pointe vers une definition d'aimant reutilisable via 'magnet_config' (voir l'onglet Config_Magnet — 'S-06-13-N48' fourni en exemple). turns (couche 0) CALCULE = INT(L_mm/wire_diameter_mm*packing_factor) (texte noir = ne pas modifier). Bobinage IMBRIQUE (orthocyclique) : -1 tour/couche, rayon +diametre*racine(3)/2 par couche. Pour ajouter des tours, joue sur 'layers'. wire_diameter_mm = diametre TOTAL du fil (cuivre + email). wire_copper_diameter_mm = diametre du CUIVRE NU, CALCULE AUTOMATIQUEMENT (texte noir) = wire_diameter_mm - 0.03mm (epaisseur d'email typique) — tape une valeur directement dans la cellule pour ecraser ce calcul si tu as mesure ton fil au pied a coulisse, ou si resistance_measured_ohm (onglet Mesures) indique un diametre effectif different. sens_courant = 'Attire' ou 'Repousse' (liste deroulante) : inverse le sens du courant dans la bobine, donc le sens de la force sur l'aimant (l'orientation de l'aimant lui-meme, definie dans Config_Magnet, reste inchangee). voltage_V = tension d'alim, le courant en resulte (loi d'Ohm). empty_bobbin_weight_g = poids support vide (guide de pesee). quantity = nombre de bobines identiques (cuivre total).
A5: config_name | B5: R_mm | C5: L_mm | D5: layers | E5: wire_diameter_mm | F5: wire_copper_diameter_mm | G5: packing_factor | H5: turns | I5: voltage_V | J5: sens_courant | K5: magnet_config | L5: empty_bobbin_weight_g | M5: quantity
A6: 0,35_14 | B6: 4 | C6: 28 | D6: 14 | E6: 0.35 | F6: =IF(A6="","",MAX(E6-0.05,E6*0.85)) | G6: 0.9 | H6: =IF(A6="","",INT(C6/E6*G6)) | I6: 24 | J6: Attire | K6: S-06-13-N48 | L6: 1.7 | M6: 50
F7: =IF(A7="","",MAX(E7-0.05,E7*0.85)) | G7: 0.8
F12: =IF(A12="","",MAX(E12-0.03,E12*0.85)) | H12: =IF(A12="","",INT(C12/E12*G12))
F13: =IF(A13="","",MAX(E13-0.03,E13*0.85)) | H13: =IF(A13="","",INT(C13/E13*G13))
F14: =IF(A14="","",MAX(E14-0.03,E14*0.85)) | H14: =IF(A14="","",INT(C14/E14*G14))
F15: =IF(A15="","",MAX(E15-0.03,E15*0.85)) | H15: =IF(A15="","",INT(C15/E15*G15))
F16: =IF(A16="","",MAX(E16-0.03,E16*0.85)) | H16: =IF(A16="","",INT(C16/E16*G16))
F17: =IF(A17="","",MAX(E17-0.03,E17*0.85)) | H17: =IF(A17="","",INT(C17/E17*G17))
F18: =IF(A18="","",MAX(E18-0.03,E18*0.85)) | H18: =IF(A18="","",INT(C18/E18*G18))
F19: =IF(A19="","",MAX(E19-0.03,E19*0.85)) | H19: =IF(A19="","",INT(C19/E19*G19))
F20: =IF(A20="","",MAX(E20-0.03,E20*0.85)) | H20: =IF(A20="","",INT(C20/E20*G20))
F21: =IF(A21="","",MAX(E21-0.03,E21*0.85)) | H21: =IF(A21="","",INT(C21/E21*G21))
F22: =IF(A22="","",MAX(E22-0.03,E22*0.85)) | H22: =IF(A22="","",INT(C22/E22*G22))
F23: =IF(A23="","",MAX(E23-0.03,E23*0.85)) | H23: =IF(A23="","",INT(C23/E23*G23))
... F25: =IF(A25="","",MAX(E25-0.03,E25*0.85)) | H25: =IF(A25="","",INT(C25/E25*G25))

Sheet Config_Magnet
A1: Configurations d'aimants — reutilisables, referencees depuis Config_Coil
A2: Une ligne = un aimant reutilisable, reference depuis Config_Coil via 'magnet_config' (plusieurs bobines peuvent partager le meme aimant). shape = 'cylindre' ou 'carre' (liste deroulante) ; pour 'cylindre', dim1_mm = diametre et dim2_mm est ignore ; pour 'carre' (rectangulaire), dim1_mm et dim2_mm sont les deux cotes de la section. height_mm = epaisseur selon l'axe d'aimantation (les deux formes). grade = grade neodyme standard (liste deroulante, table de reference a droite) -> Br_T = milieu de plage du grade choisi, calcule automatiquement (texte noir). Renseigne Br_override_T (bleu) si tu as la valeur Br exacte de la fiche technique : elle remplace alors le calcul automatique. Position de depart (x0_mm, y0_mm, z0_mm) = position du CENTRE de l'aimant, en mm, avec le CENTRE DE LA BOBINE a l'origine (0,0,0). La bobine (longueur L_mm, onglet Config_Coil) s'etend de -L/2 a +L/2 selon Z. Exemple : aimant pose a fleur du sommet de la bobine (gap=0) -> z0_mm = L/2 + height_mm/2. x0/y0 permettent de simuler un aimant decale lateralement (hors axe).
N4: Table de reference (grades neodyme standard)
A5: magnet_config | B5: shape | C5: grade | D5: Br_override_T | E5: Br_T | F5: dim1_mm | G5: dim2_mm | H5: height_mm | I5: x0_mm | J5: y0_mm | K5: z0_mm | N5: Grade | O5: Br_min_T | P5: Br_max_T | Q5: Br_mid_T
A6: S-06-13-N48 | B6: cylindre | C6: N48 | E6: =IF(A6="","",IF(D6<>"",D6,IFERROR(INDEX($Q$6:$Q$14,MATCH(C6,$N$6:$N$14,0)),""))) | F6: 6 | H6: 13 | I6: 0 | J6: 0 | K6: 21.5 | N6: N35 | O6: 1.17 | P6: 1.22 | Q6: =(O6+P6)/2
E7: =IF(A7="","",IF(D7<>"",D7,IFERROR(INDEX($Q$6:$Q$14,MATCH(C7,$N$6:$N$14,0)),""))) | N7: N38 | O7: 1.22 | P7: 1.25 | Q7: =(O7+P7)/2
E8: =IF(A8="","",IF(D8<>"",D8,IFERROR(INDEX($Q$6:$Q$14,MATCH(C8,$N$6:$N$14,0)),""))) | N8: N40 | O8: 1.25 | P8: 1.28 | Q8: =(O8+P8)/2
E9: =IF(A9="","",IF(D9<>"",D9,IFERROR(INDEX($Q$6:$Q$14,MATCH(C9,$N$6:$N$14,0)),""))) | N9: N42 | O9: 1.28 | P9: 1.32 | Q9: =(O9+P9)/2
E10: =IF(A10="","",IF(D10<>"",D10,IFERROR(INDEX($Q$6:$Q$14,MATCH(C10,$N$6:$N$14,0)),""))) | N10: N45 | O10: 1.32 | P10: 1.38 | Q10: =(O10+P10)/2
E11: =IF(A11="","",IF(D11<>"",D11,IFERROR(INDEX($Q$6:$Q$14,MATCH(C11,$N$6:$N$14,0)),""))) | N11: N48 | O11: 1.38 | P11: 1.42 | Q11: =(O11+P11)/2
E12: =IF(A12="","",IF(D12<>"",D12,IFERROR(INDEX($Q$6:$Q$14,MATCH(C12,$N$6:$N$14,0)),""))) | N12: N50 | O12: 1.4 | P12: 1.45 | Q12: =(O12+P12)/2
E13: =IF(A13="","",IF(D13<>"",D13,IFERROR(INDEX($Q$6:$Q$14,MATCH(C13,$N$6:$N$14,0)),""))) | N13: N52 | O13: 1.43 | P13: 1.48 | Q13: =(O13+P13)/2
E14: =IF(A14="","",IF(D14<>"",D14,IFERROR(INDEX($Q$6:$Q$14,MATCH(C14,$N$6:$N$14,0)),""))) | N14: N55 | O14: 1.47 | P14: 1.53 | Q14: =(O14+P14)/2
E15: =IF(A15="","",IF(D15<>"",D15,IFERROR(INDEX($Q$6:$Q$14,MATCH(C15,$N$6:$N$14,0)),"")))
E16: =IF(A16="","",IF(D16<>"",D16,IFERROR(INDEX($Q$6:$Q$14,MATCH(C16,$N$6:$N$14,0)),""))) | N16: Source : magmamagnets.com — tableau des caracteristiques
E17: =IF(A17="","",IF(D17<>"",D17,IFERROR(INDEX($Q$6:$Q$14,MATCH(C17,$N$6:$N$14,0)),""))) | N17: magnetiques (grades N35-N55). Br_mid_T = milieu de plage.
E18: =IF(A18="","",IF(D18<>"",D18,IFERROR(INDEX($Q$6:$Q$14,MATCH(C18,$N$6:$N$14,0)),"")))
E19: =IF(A19="","",IF(D19<>"",D19,IFERROR(INDEX($Q$6:$Q$14,MATCH(C19,$N$6:$N$14,0)),"")))
E20: =IF(A20="","",IF(D20<>"",D20,IFERROR(INDEX($Q$6:$Q$14,MATCH(C20,$N$6:$N$14,0)),"")))
E21: =IF(A21="","",IF(D21<>"",D21,IFERROR(INDEX($Q$6:$Q$14,MATCH(C21,$N$6:$N$14,0)),"")))
E22: =IF(A22="","",IF(D22<>"",D22,IFERROR(INDEX($Q$6:$Q$14,MATCH(C22,$N$6:$N$14,0)),"")))
E23: =IF(A23="","",IF(D23<>"",D23,IFERROR(INDEX($Q$6:$Q$14,MATCH(C23,$N$6:$N$14,0)),"")))
E24: =IF(A24="","",IF(D24<>"",D24,IFERROR(INDEX($Q$6:$Q$14,MATCH(C24,$N$6:$N$14,0)),"")))
E25: =IF(A25="","",IF(D25<>"",D25,IFERROR(INDEX($Q$6:$Q$14,MATCH(C25,$N$6:$N$14,0)),"")))

Sheet Bobinage_Fabrication
A1: Bobinage — poids, longueur de fil et guide de fabrication
A2: Densite Cu (g/cm3): | B2: 8.92 | C2: Cuivre étamé
A3: Guide de realisation : dimensions, longueur de fil a couper et poids de cuivre pour chaque configuration (depuis Config_Coil). turns_total = somme des tours sur toutes les couches imbriquees. wire_length_m = longueur totale de fil a bobiner. copper_weight_target_g = poids de cuivre pour UNE bobine ; copper_weight_total_qty_g = pour 'quantity' bobines identiques. total_weight_target_g = poids d'une bobine finie (cuivre + support vide) ; total_weight_all_coils_g = poids total du lot complet. lateral_surface_m2 = surface laterale du bobinage (utilisee par l'onglet Electrique pour estimer la convection thermique).
A5: config_name | B5: turns_total | C5: wire_length_m | D5: wire_section_mm2 | E5: outer_diameter_mm | F5: copper_weight_target_g | G5: copper_weight_total_qty_g | H5: total_weight_target_g | I5: lateral_surface_m2 | J5: empty_bobbin_weight_g | K5: quantity | L5: total_weight_all_coils_g
A6: =IF(Config_Coil!A6="","",Config_Coil!A6) | B6: =IF(Config_Coil!A6="","",Config_Coil!D6*Config_Coil!H6-Config_Coil!D6*(Config_Coil!D6-1)/2) | C6: =IF(Config_Coil!A6="","",2*PI()*(Config_Coil!D6*Config_Coil!H6*(Config_Coil!B6/1000)+(Config_Coil!D6*(Config_Coil!D6-1)/2)*(Config_Coil!H6*(Config_Coil!E6/1000)*SQRT(3)/2-(Config_Coil!B6/1000))-((Config_Coil!E6/1000)*SQRT(3)/2)*((Config_Coil!D6-1)*Config_Coil!D6*(2*Config_Coil!D6-1)/6))) | D6: =IF(Config_Coil!A6="","",PI()*(IF(Config_Coil!F6=0,Config_Coil!E6,Config_Coil!F6)/2)^2) | E6: =IF(Config_Coil!A6="","",2*Config_Coil!B6+(Config_Coil!D6-1)*Config_Coil!E6*SQRT(3)+Config_Coil!E6) | F6: =IF(Config_Coil!A6="","",$B$2*C6*D6) | G6: =IF(Config_Coil!A6="","",F6*Config_Coil!M6) | H6: =IF(Config_Coil!A6="","",Config_Coil!L6+F6) | I6: =IF(Config_Coil!A6="","",2*PI()*((E6/2)/1000)*(Config_Coil!C6/1000)) | J6: =IF(Config_Coil!A6="","",Config_Coil!L6) | K6: =IF(Config_Coil!A6="","",Config_Coil!M6) | L6: =IF(H6="","",H6*Config_Coil!M6)
A7: =IF(Config_Coil!A7="","",Config_Coil!A7) | B7: =IF(Config_Coil!A7="","",Config_Coil!D7*Config_Coil!H7-Config_Coil!D7*(Config_Coil!D7-1)/2) | C7: =IF(Config_Coil!A7="","",2*PI()*(Config_Coil!D7*Config_Coil!H7*(Config_Coil!B7/1000)+(Config_Coil!D7*(Config_Coil!D7-1)/2)*(Config_Coil!H7*(Config_Coil!E7/1000)*SQRT(3)/2-(Config_Coil!B7/1000))-((Config_Coil!E7/1000)*SQRT(3)/2)*((Config_Coil!D7-1)*Config_Coil!D7*(2*Config_Coil!D7-1)/6))) | D7: =IF(Config_Coil!A7="","",PI()*(IF(Config_Coil!F7=0,Config_Coil!E7,Config_Coil!F7)/2)^2) | E7: =IF(Config_Coil!A7="","",2*Config_Coil!B7+(Config_Coil!D7-1)*Config_Coil!E7*SQRT(3)+Config_Coil!E7) | F7: =IF(Config_Coil!A7="","",$B$2*C7*D7) | G7: =IF(Config_Coil!A7="","",F7*Config_Coil!M7) | H7: =IF(Config_Coil!A7="","",Config_Coil!L7+F7) | I7: =IF(Config_Coil!A7="","",2*PI()*((E7/2)/1000)*(Config_Coil!C7/1000)) | J7: =IF(Config_Coil!A7="","",Config_Coil!L7) | K7: =IF(Config_Coil!A7="","",Config_Coil!M7) | L7: =IF(H7="","",H7*Config_Coil!M7)
A8: =IF(Config_Coil!A8="","",Config_Coil!A8) | B8: =IF(Config_Coil!A8="","",Config_Coil!D8*Config_Coil!H8-Config_Coil!D8*(Config_Coil!D8-1)/2) | C8: =IF(Config_Coil!A8="","",2*PI()*(Config_Coil!D8*Config_Coil!H8*(Config_Coil!B8/1000)+(Config_Coil!D8*(Config_Coil!D8-1)/2)*(Config_Coil!H8*(Config_Coil!E8/1000)*SQRT(3)/2-(Config_Coil!B8/1000))-((Config_Coil!E8/1000)*SQRT(3)/2)*((Config_Coil!D8-1)*Config_Coil!D8*(2*Config_Coil!D8-1)/6))) | D8: =IF(Config_Coil!A8="","",PI()*(IF(Config_Coil!F8=0,Config_Coil!E8,Config_Coil!F8)/2)^2) | E8: =IF(Config_Coil!A8="","",2*Config_Coil!B8+(Config_Coil!D8-1)*Config_Coil!E8*SQRT(3)+Config_Coil!E8) | F8: =IF(Config_Coil!A8="","",$B$2*C8*D8) | G8: =IF(Config_Coil!A8="","",F8*Config_Coil!M8) | H8: =IF(Config_Coil!A8="","",Config_Coil!L8+F8) | I8: =IF(Config_Coil!A8="","",2*PI()*((E8/2)/1000)*(Config_Coil!C8/1000)) | J8: =IF(Config_Coil!A8="","",Config_Coil!L8) | K8: =IF(Config_Coil!A8="","",Config_Coil!M8) | L8: =IF(H8="","",H8*Config_Coil!M8)
A9: =IF(Config_Coil!A9="","",Config_Coil!A9) | B9: =IF(Config_Coil!A9="","",Config_Coil!D9*Config_Coil!H9-Config_Coil!D9*(Config_Coil!D9-1)/2) | C9: =IF(Config_Coil!A9="","",2*PI()*(Config_Coil!D9*Config_Coil!H9*(Config_Coil!B9/1000)+(Config_Coil!D9*(Config_Coil!D9-1)/2)*(Config_Coil!H9*(Config_Coil!E9/1000)*SQRT(3)/2-(Config_Coil!B9/1000))-((Config_Coil!E9/1000)*SQRT(3)/2)*((Config_Coil!D9-1)*Config_Coil!D9*(2*Config_Coil!D9-1)/6))) | D9: =IF(Config_Coil!A9="","",PI()*(IF(Config_Coil!F9=0,Config_Coil!E9,Config_Coil!F9)/2)^2) | E9: =IF(Config_Coil!A9="","",2*Config_Coil!B9+(Config_Coil!D9-1)*Config_Coil!E9*SQRT(3)+Config_Coil!E9) | F9: =IF(Config_Coil!A9="","",$B$2*C9*D9) | G9: =IF(Config_Coil!A9="","",F9*Config_Coil!M9) | H9: =IF(Config_Coil!A9="","",Config_Coil!L9+F9) | I9: =IF(Config_Coil!A9="","",2*PI()*((E9/2)/1000)*(Config_Coil!C9/1000)) | J9: =IF(Config_Coil!A9="","",Config_Coil!L9) | K9: =IF(Config_Coil!A9="","",Config_Coil!M9) | L9: =IF(H9="","",H9*Config_Coil!M9)
A10: =IF(Config_Coil!A10="","",Config_Coil!A10) | B10: =IF(Config_Coil!A10="","",Config_Coil!D10*Config_Coil!H10-Config_Coil!D10*(Config_Coil!D10-1)/2) | C10: =IF(Config_Coil!A10="","",2*PI()*(Config_Coil!D10*Config_Coil!H10*(Config_Coil!B10/1000)+(Config_Coil!D10*(Config_Coil!D10-1)/2)*(Config_Coil!H10*(Config_Coil!E10/1000)*SQRT(3)/2-(Config_Coil!B10/1000))-((Config_Coil!E10/1000)*SQRT(3)/2)*((Config_Coil!D10-1)*Config_Coil!D10*(2*Config_Coil!D10-1)/6))) | D10: =IF(Config_Coil!A10="","",PI()*(IF(Config_Coil!F10=0,Config_Coil!E10,Config_Coil!F10)/2)^2) | E10: =IF(Config_Coil!A10="","",2*Config_Coil!B10+(Config_Coil!D10-1)*Config_Coil!E10*SQRT(3)+Config_Coil!E10) | F10: =IF(Config_Coil!A10="","",$B$2*C10*D10) | G10: =IF(Config_Coil!A10="","",F10*Config_Coil!M10) | H10: =IF(Config_Coil!A10="","",Config_Coil!L10+F10) | I10: =IF(Config_Coil!A10="","",2*PI()*((E10/2)/1000)*(Config_Coil!C10/1000)) | J10: =IF(Config_Coil!A10="","",Config_Coil!L10) | K10: =IF(Config_Coil!A10="","",Config_Coil!M10) | L10: =IF(H10="","",H10*Config_Coil!M10)
A11: =IF(Config_Coil!A11="","",Config_Coil!A11) | B11: =IF(Config_Coil!A11="","",Config_Coil!D11*Config_Coil!H11-Config_Coil!D11*(Config_Coil!D11-1)/2) | C11: =IF(Config_Coil!A11="","",2*PI()*(Config_Coil!D11*Config_Coil!H11*(Config_Coil!B11/1000)+(Config_Coil!D11*(Config_Coil!D11-1)/2)*(Config_Coil!H11*(Config_Coil!E11/1000)*SQRT(3)/2-(Config_Coil!B11/1000))-((Config_Coil!E11/1000)*SQRT(3)/2)*((Config_Coil!D11-1)*Config_Coil!D11*(2*Config_Coil!D11-1)/6))) | D11: =IF(Config_Coil!A11="","",PI()*(IF(Config_Coil!F11=0,Config_Coil!E11,Config_Coil!F11)/2)^2) | E11: =IF(Config_Coil!A11="","",2*Config_Coil!B11+(Config_Coil!D11-1)*Config_Coil!E11*SQRT(3)+Config_Coil!E11) | F11: =IF(Config_Coil!A11="","",$B$2*C11*D11) | G11: =IF(Config_Coil!A11="","",F11*Config_Coil!M11) | H11: =IF(Config_Coil!A11="","",Config_Coil!L11+F11) | I11: =IF(Config_Coil!A11="","",2*PI()*((E11/2)/1000)*(Config_Coil!C11/1000)) | J11: =IF(Config_Coil!A11="","",Config_Coil!L11) | K11: =IF(Config_Coil!A11="","",Config_Coil!M11) | L11: =IF(H11="","",H11*Config_Coil!M11)
A12: =IF(Config_Coil!A12="","",Config_Coil!A12) | B12: =IF(Config_Coil!A12="","",Config_Coil!D12*Config_Coil!H12-Config_Coil!D12*(Config_Coil!D12-1)/2) | C12: =IF(Config_Coil!A12="","",2*PI()*(Config_Coil!D12*Config_Coil!H12*(Config_Coil!B12/1000)+(Config_Coil!D12*(Config_Coil!D12-1)/2)*(Config_Coil!H12*(Config_Coil!E12/1000)*SQRT(3)/2-(Config_Coil!B12/1000))-((Config_Coil!E12/1000)*SQRT(3)/2)*((Config_Coil!D12-1)*Config_Coil!D12*(2*Config_Coil!D12-1)/6))) | D12: =IF(Config_Coil!A12="","",PI()*(IF(Config_Coil!F12=0,Config_Coil!E12,Config_Coil!F12)/2)^2) | E12: =IF(Config_Coil!A12="","",2*Config_Coil!B12+(Config_Coil!D12-1)*Config_Coil!E12*SQRT(3)+Config_Coil!E12) | F12: =IF(Config_Coil!A12="","",$B$2*C12*D12) | G12: =IF(Config_Coil!A12="","",F12*Config_Coil!M12) | H12: =IF(Config_Coil!A12="","",Config_Coil!L12+F12) | I12: =IF(Config_Coil!A12="","",2*PI()*((E12/2)/1000)*(Config_Coil!C12/1000)) | J12: =IF(Config_Coil!A12="","",Config_Coil!L12) | K12: =IF(Config_Coil!A12="","",Config_Coil!M12) | L12: =IF(H12="","",H12*Config_Coil!M12)
A13: =IF(Config_Coil!A13="","",Config_Coil!A13) | B13: =IF(Config_Coil!A13="","",Config_Coil!D13*Config_Coil!H13-Config_Coil!D13*(Config_Coil!D13-1)/2) | C13: =IF(Config_Coil!A13="","",2*PI()*(Config_Coil!D13*Config_Coil!H13*(Config_Coil!B13/1000)+(Config_Coil!D13*(Config_Coil!D13-1)/2)*(Config_Coil!H13*(Config_Coil!E13/1000)*SQRT(3)/2-(Config_Coil!B13/1000))-((Config_Coil!E13/1000)*SQRT(3)/2)*((Config_Coil!D13-1)*Config_Coil!D13*(2*Config_Coil!D13-1)/6))) | D13: =IF(Config_Coil!A13="","",PI()*(IF(Config_Coil!F13=0,Config_Coil!E13,Config_Coil!F13)/2)^2) | E13: =IF(Config_Coil!A13="","",2*Config_Coil!B13+(Config_Coil!D13-1)*Config_Coil!E13*SQRT(3)+Config_Coil!E13) | F13: =IF(Config_Coil!A13="","",$B$2*C13*D13) | G13: =IF(Config_Coil!A13="","",F13*Config_Coil!M13) | H13: =IF(Config_Coil!A13="","",Config_Coil!L13+F13) | I13: =IF(Config_Coil!A13="","",2*PI()*((E13/2)/1000)*(Config_Coil!C13/1000)) | J13: =IF(Config_Coil!A13="","",Config_Coil!L13) | K13: =IF(Config_Coil!A13="","",Config_Coil!M13) | L13: =IF(H13="","",H13*Config_Coil!M13)
A14: =IF(Config_Coil!A14="","",Config_Coil!A14) | B14: =IF(Config_Coil!A14="","",Config_Coil!D14*Config_Coil!H14-Config_Coil!D14*(Config_Coil!D14-1)/2) | C14: =IF(Config_Coil!A14="","",2*PI()*(Config_Coil!D14*Config_Coil!H14*(Config_Coil!B14/1000)+(Config_Coil!D14*(Config_Coil!D14-1)/2)*(Config_Coil!H14*(Config_Coil!E14/1000)*SQRT(3)/2-(Config_Coil!B14/1000))-((Config_Coil!E14/1000)*SQRT(3)/2)*((Config_Coil!D14-1)*Config_Coil!D14*(2*Config_Coil!D14-1)/6))) | D14: =IF(Config_Coil!A14="","",PI()*(IF(Config_Coil!F14=0,Config_Coil!E14,Config_Coil!F14)/2)^2) | E14: =IF(Config_Coil!A14="","",2*Config_Coil!B14+(Config_Coil!D14-1)*Config_Coil!E14*SQRT(3)+Config_Coil!E14) | F14: =IF(Config_Coil!A14="","",$B$2*C14*D14) | G14: =IF(Config_Coil!A14="","",F14*Config_Coil!M14) | H14: =IF(Config_Coil!A14="","",Config_Coil!L14+F14) | I14: =IF(Config_Coil!A14="","",2*PI()*((E14/2)/1000)*(Config_Coil!C14/1000)) | J14: =IF(Config_Coil!A14="","",Config_Coil!L14) | K14: =IF(Config_Coil!A14="","",Config_Coil!M14) | L14: =IF(H14="","",H14*Config_Coil!M14)
A15: =IF(Config_Coil!A15="","",Config_Coil!A15) | B15: =IF(Config_Coil!A15="","",Config_Coil!D15*Config_Coil!H15-Config_Coil!D15*(Config_Coil!D15-1)/2) | C15: =IF(Config_Coil!A15="","",2*PI()*(Config_Coil!D15*Config_Coil!H15*(Config_Coil!B15/1000)+(Config_Coil!D15*(Config_Coil!D15-1)/2)*(Config_Coil!H15*(Config_Coil!E15/1000)*SQRT(3)/2-(Config_Coil!B15/1000))-((Config_Coil!E15/1000)*SQRT(3)/2)*((Config_Coil!D15-1)*Config_Coil!D15*(2*Config_Coil!D15-1)/6))) | D15: =IF(Config_Coil!A15="","",PI()*(IF(Config_Coil!F15=0,Config_Coil!E15,Config_Coil!F15)/2)^2) | E15: =IF(Config_Coil!A15="","",2*Config_Coil!B15+(Config_Coil!D15-1)*Config_Coil!E15*SQRT(3)+Config_Coil!E15) | F15: =IF(Config_Coil!A15="","",$B$2*C15*D15) | G15: =IF(Config_Coil!A15="","",F15*Config_Coil!M15) | H15: =IF(Config_Coil!A15="","",Config_Coil!L15+F15) | I15: =IF(Config_Coil!A15="","",2*PI()*((E15/2)/1000)*(Config_Coil!C15/1000)) | J15: =IF(Config_Coil!A15="","",Config_Coil!L15) | K15: =IF(Config_Coil!A15="","",Config_Coil!M15) | L15: =IF(H15="","",H15*Config_Coil!M15)
A16: =IF(Config_Coil!A16="","",Config_Coil!A16) | B16: =IF(Config_Coil!A16="","",Config_Coil!D16*Config_Coil!H16-Config_Coil!D16*(Config_Coil!D16-1)/2) | C16: =IF(Config_Coil!A16="","",2*PI()*(Config_Coil!D16*Config_Coil!H16*(Config_Coil!B16/1000)+(Config_Coil!D16*(Config_Coil!D16-1)/2)*(Config_Coil!H16*(Config_Coil!E16/1000)*SQRT(3)/2-(Config_Coil!B16/1000))-((Config_Coil!E16/1000)*SQRT(3)/2)*((Config_Coil!D16-1)*Config_Coil!D16*(2*Config_Coil!D16-1)/6))) | D16: =IF(Config_Coil!A16="","",PI()*(IF(Config_Coil!F16=0,Config_Coil!E16,Config_Coil!F16)/2)^2) | E16: =IF(Config_Coil!A16="","",2*Config_Coil!B16+(Config_Coil!D16-1)*Config_Coil!E16*SQRT(3)+Config_Coil!E16) | F16: =IF(Config_Coil!A16="","",$B$2*C16*D16) | G16: =IF(Config_Coil!A16="","",F16*Config_Coil!M16) | H16: =IF(Config_Coil!A16="","",Config_Coil!L16+F16) | I16: =IF(Config_Coil!A16="","",2*PI()*((E16/2)/1000)*(Config_Coil!C16/1000)) | J16: =IF(Config_Coil!A16="","",Config_Coil!L16) | K16: =IF(Config_Coil!A16="","",Config_Coil!M16) | L16: =IF(H16="","",H16*Config_Coil!M16)
A17: =IF(Config_Coil!A17="","",Config_Coil!A17) | B17: =IF(Config_Coil!A17="","",Config_Coil!D17*Config_Coil!H17-Config_Coil!D17*(Config_Coil!D17-1)/2) | C17: =IF(Config_Coil!A17="","",2*PI()*(Config_Coil!D17*Config_Coil!H17*(Config_Coil!B17/1000)+(Config_Coil!D17*(Config_Coil!D17-1)/2)*(Config_Coil!H17*(Config_Coil!E17/1000)*SQRT(3)/2-(Config_Coil!B17/1000))-((Config_Coil!E17/1000)*SQRT(3)/2)*((Config_Coil!D17-1)*Config_Coil!D17*(2*Config_Coil!D17-1)/6))) | D17: =IF(Config_Coil!A17="","",PI()*(IF(Config_Coil!F17=0,Config_Coil!E17,Config_Coil!F17)/2)^2) | E17: =IF(Config_Coil!A17="","",2*Config_Coil!B17+(Config_Coil!D17-1)*Config_Coil!E17*SQRT(3)+Config_Coil!E17) | F17: =IF(Config_Coil!A17="","",$B$2*C17*D17) | G17: =IF(Config_Coil!A17="","",F17*Config_Coil!M17) | H17: =IF(Config_Coil!A17="","",Config_Coil!L17+F17) | I17: =IF(Config_Coil!A17="","",2*PI()*((E17/2)/1000)*(Config_Coil!C17/1000)) | J17: =IF(Config_Coil!A17="","",Config_Coil!L17) | K17: =IF(Config_Coil!A17="","",Config_Coil!M17) | L17: =IF(H17="","",H17*Config_Coil!M17)
... A25: =IF(Config_Coil!A25="","",Config_Coil!A25) | B25: =IF(Config_Coil!A25="","",Config_Coil!D25*Config_Coil!H25-Config_Coil!D25*(Config_Coil!D25-1)/2) | C25: =IF(Config_Coil!A25="","",2*PI()*(Config_Coil!D25*Config_Coil!H25*(Config_Coil!B25/1000)+(Config_Coil!D25*(Config_Coil!D25-1)/2)*(Config_Coil!H25*(Config_Coil!E25/1000)*SQRT(3)/2-(Config_Coil!B25/1000))-((Config_Coil!E25/1000)*SQRT(3)/2)*((Config_Coil!D25-1)*Config_Coil!D25*(2*Config_Coil!D25-1)/6))) | D25: =IF(Config_Coil!A25="","",PI()*(IF(Config_Coil!F25=0,Config_Coil!E25,Config_Coil!F25)/2)^2) | E25: =IF(Config_Coil!A25="","",2*Config_Coil!B25+(Config_Coil!D25-1)*Config_Coil!E25*SQRT(3)+Config_Coil!E25) | F25: =IF(Config_Coil!A25="","",$B$2*C25*D25) | G25: =IF(Config_Coil!A25="","",F25*Config_Coil!M25) | H25: =IF(Config_Coil!A25="","",Config_Coil!L25+F25) | I25: =IF(Config_Coil!A25="","",2*PI()*((E25/2)/1000)*(Config_Coil!C25/1000)) | J25: =IF(Config_Coil!A25="","",Config_Coil!L25) | K25: =IF(Config_Coil!A25="","",Config_Coil!M25) | L25: =IF(H25="","",H25*Config_Coil!M25)

Sheet Electrique
A1: Caracteristiques electriques et de chauffe (depuis Config_Coil / Bobinage_Fabrication)
A2: Resistivite Cu (Ohm.m): | B2: 1.68e-08 | C2: Temp. ambiante (C): | D2: 25 | E2: h convection (W/m2K): | F2: 10 | G2: Temp. max aimant (C): | H2: 80 | I2: Densite max continue (A/mm2): | J2: 4 | K2: Position de maintien (mm): | L2: 10 | M2: Duty cycle PWM cible (%): | N2: 0.03 | O2: Constante estim. (N/A.tour): | P2: 0.001073226
A3: IMPULSION (orange) = pleine tension sans PWM, bref -> echauffement volontairement extreme, normal. MAINTIEN (vert) = PWM continu -> c'est LUI qui doit rester 'OK'. duty_cycle_hold (bleu) = pourcentage de temps ON du PWM que TU choisis ; par defaut il reprend 'Duty cycle PWM cible' ci-dessus mais peut etre modifie ligne par ligne. force_hold_N / force_hold_g = force de maintien RESULTANTE a ce duty cycle (calculee, ce n'est plus une cible qu'on vise). force_estimate_rapide_N = estimation rapide (F proportionnel aux ampere-tours, PAS ampere-tours^2 : l'aimant est un dipole permanent, pas un noyau qui sature) calibree sur la geometrie ET l'aimant par defaut (R=4mm/L=30mm, S-06-13-N48) -- fiable pres de cette config, ecart possible si la bobine OU l'aimant s'eloigne beaucoup de cette reference. force_dispo_maintien_N (violet) = vraie valeur simulee (magpylib), injectee par batch_compare.py. force_utilisee_N prend la valeur simulee si disponible sinon l'estimation rapide (source_force l'indique).
B4: IMPULSION (plein voltage, bref) | H4: MAINTIEN (PWM, soutenu)
A5: config_name | B5: resistance_ohm | C5: voltage_V | D5: current_full_A | E5: current_density_full_A_mm2 | F5: power_full_W | G5: delta_T_full_C | H5: force_estimate_rapide_N | I5: force_dispo_maintien_N | J5: force_utilisee_N | K5: source_force | L5: duty_cycle_hold | M5: force_hold_N | N5: force_hold_g | O5: current_hold_A | P5: current_density_hold_A_mm2 | Q5: power_hold_W | R5: delta_T_hold_C | S5: coil_temp_hold_C | T5: margin_hold_C | U5: status_hold
A6: =IF(Config_Coil!A6="","",Config_Coil!A6) | B6: =IF(Config_Coil!A6="","",$B$2*Bobinage_Fabrication!C6/(Bobinage_Fabrication!D6*0.000001)) | C6: =IF(Config_Coil!A6="","",Config_Coil!I6) | D6: =IF(Config_Coil!A6="","",C6/B6) | E6: =IF(Config_Coil!A6="","",D6/Bobinage_Fabrication!D6) | F6: =IF(Config_Coil!A6="","",C6*D6) | G6: =IF(Config_Coil!A6="","",F6/($F$2*Bobinage_Fabrication!I6)) | H6: =IF(Config_Coil!A6="","",$P$2*Bobinage_Fabrication!B6*D6) | I6: 3.133119 | J6: =IF(Config_Coil!A6="","",IF(OR(I6="",I6=0),H6,I6)) | K6: =IF(Config_Coil!A6="","",IF(OR(I6="",I6=0),"estime (N×I)","simule (magpylib)")) | L6: =IF(Config_Coil!A6="","",$N$2) | M6: =IF(L6="","",L6*J6) | N6: =IF(M6="","",M6/9.81*1000) | O6: =IF(L6="","",L6*D6) | P6: =IF(O6="","",O6/Bobinage_Fabrication!D6) | Q6: =IF(L6="","",L6^2*F6) | R6: =IF(Q6="","",Q6/($F$2*Bobinage_Fabrication!I6)) | S6: =IF(R6="","",$D$2+R6) | T6: =IF(S6="","",$H$2-S6) | U6: =IF(T6="","",IF(L6>1,"ATTENTION: duty >100%",IF(AND(T6>=0,P6<=$J$2),"OK",IF(P6>$J$2,"ATTENTION: densite maintien elevee","ATTENTION: risque demagnetisation"))))
A7: =IF(Config_Coil!A7="","",Config_Coil!A7) | B7: =IF(Config_Coil!A7="","",$B$2*Bobinage_Fabrication!C7/(Bobinage_Fabrication!D7*0.000001)) | C7: =IF(Config_Coil!A7="","",Config_Coil!I7) | D7: =IF(Config_Coil!A7="","",C7/B7) | E7: =IF(Config_Coil!A7="","",D7/Bobinage_Fabrication!D7) | F7: =IF(Config_Coil!A7="","",C7*D7) | G7: =IF(Config_Coil!A7="","",F7/($F$2*Bobinage_Fabrication!I7)) | H7: =IF(Config_Coil!A7="","",$P$2*Bobinage_Fabrication!B7*D7) | I7: 3.6382112 | J7: =IF(Config_Coil!A7="","",IF(OR(I7="",I7=0),H7,I7)) | K7: =IF(Config_Coil!A7="","",IF(OR(I7="",I7=0),"estime (N×I)","simule (magpylib)")) | L7: =IF(Config_Coil!A7="","",$N$2) | M7: =IF(L7="","",L7*J7) | N7: =IF(M7="","",M7/9.81*1000) | O7: =IF(L7="","",L7*D7) | P7: =IF(O7="","",O7/Bobinage_Fabrication!D7) | Q7: =IF(L7="","",L7^2*F7) | R7: =IF(Q7="","",Q7/($F$2*Bobinage_Fabrication!I7)) | S7: =IF(R7="","",$D$2+R7) | T7: =IF(S7="","",$H$2-S7) | U7: =IF(T7="","",IF(L7>1,"ATTENTION: duty >100%",IF(AND(T7>=0,P7<=$J$2),"OK",IF(P7>$J$2,"ATTENTION: densite maintien elevee","ATTENTION: risque demagnetisation"))))
A8: =IF(Config_Coil!A8="","",Config_Coil!A8) | B8: =IF(Config_Coil!A8="","",$B$2*Bobinage_Fabrication!C8/(Bobinage_Fabrication!D8*0.000001)) | C8: =IF(Config_Coil!A8="","",Config_Coil!I8) | D8: =IF(Config_Coil!A8="","",C8/B8) | E8: =IF(Config_Coil!A8="","",D8/Bobinage_Fabrication!D8) | F8: =IF(Config_Coil!A8="","",C8*D8) | G8: =IF(Config_Coil!A8="","",F8/($F$2*Bobinage_Fabrication!I8)) | H8: =IF(Config_Coil!A8="","",$P$2*Bobinage_Fabrication!B8*D8) | I8: 3.2336023 | J8: =IF(Config_Coil!A8="","",IF(OR(I8="",I8=0),H8,I8)) | K8: =IF(Config_Coil!A8="","",IF(OR(I8="",I8=0),"estime (N×I)","simule (magpylib)")) | L8: 0.03 | M8: =IF(L8="","",L8*J8) | N8: =IF(M8="","",M8/9.81*1000) | O8: =IF(L8="","",L8*D8) | P8: =IF(O8="","",O8/Bobinage_Fabrication!D8) | Q8: =IF(L8="","",L8^2*F8) | R8: =IF(Q8="","",Q8/($F$2*Bobinage_Fabrication!I8)) | S8: =IF(R8="","",$D$2+R8) | T8: =IF(S8="","",$H$2-S8) | U8: =IF(T8="","",IF(L8>1,"ATTENTION: duty >100%",IF(AND(T8>=0,P8<=$J$2),"OK",IF(P8>$J$2,"ATTENTION: densite maintien elevee","ATTENTION: risque demagnetisation"))))
A9: =IF(Config_Coil!A9="","",Config_Coil!A9) | B9: =IF(Config_Coil!A9="","",$B$2*Bobinage_Fabrication!C9/(Bobinage_Fabrication!D9*0.000001)) | C9: =IF(Config_Coil!A9="","",Config_Coil!I9) | D9: =IF(Config_Coil!A9="","",C9/B9) | E9: =IF(Config_Coil!A9="","",D9/Bobinage_Fabrication!D9) | F9: =IF(Config_Coil!A9="","",C9*D9) | G9: =IF(Config_Coil!A9="","",F9/($F$2*Bobinage_Fabrication!I9)) | H9: =IF(Config_Coil!A9="","",$P$2*Bobinage_Fabrication!B9*D9) | I9: 2.4187831 | J9: =IF(Config_Coil!A9="","",IF(OR(I9="",I9=0),H9,I9)) | K9: =IF(Config_Coil!A9="","",IF(OR(I9="",I9=0),"estime (N×I)","simule (magpylib)")) | L9: =IF(Config_Coil!A9="","",$N$2) | M9: =IF(L9="","",L9*J9) | N9: =IF(M9="","",M9/9.81*1000) | O9: =IF(L9="","",L9*D9) | P9: =IF(O9="","",O9/Bobinage_Fabrication!D9) | Q9: =IF(L9="","",L9^2*F9) | R9: =IF(Q9="","",Q9/($F$2*Bobinage_Fabrication!I9)) | S9: =IF(R9="","",$D$2+R9) | T9: =IF(S9="","",$H$2-S9) | U9: =IF(T9="","",IF(L9>1,"ATTENTION: duty >100%",IF(AND(T9>=0,P9<=$J$2),"OK",IF(P9>$J$2,"ATTENTION: densite maintien elevee","ATTENTION: risque demagnetisation"))))
A10: =IF(Config_Coil!A10="","",Config_Coil!A10) | B10: =IF(Config_Coil!A10="","",$B$2*Bobinage_Fabrication!C10/(Bobinage_Fabrication!D10*0.000001)) | C10: =IF(Config_Coil!A10="","",Config_Coil!I10) | D10: =IF(Config_Coil!A10="","",C10/B10) | E10: =IF(Config_Coil!A10="","",D10/Bobinage_Fabrication!D10) | F10: =IF(Config_Coil!A10="","",C10*D10) | G10: =IF(Config_Coil!A10="","",F10/($F$2*Bobinage_Fabrication!I10)) | H10: =IF(Config_Coil!A10="","",$P$2*Bobinage_Fabrication!B10*D10) | I10: 2.1749513 | J10: =IF(Config_Coil!A10="","",IF(OR(I10="",I10=0),H10,I10)) | K10: =IF(Config_Coil!A10="","",IF(OR(I10="",I10=0),"estime (N×I)","simule (magpylib)")) | L10: =IF(Config_Coil!A10="","",$N$2) | M10: =IF(L10="","",L10*J10) | N10: =IF(M10="","",M10/9.81*1000) | O10: =IF(L10="","",L10*D10) | P10: =IF(O10="","",O10/Bobinage_Fabrication!D10) | Q10: =IF(L10="","",L10^2*F10) | R10: =IF(Q10="","",Q10/($F$2*Bobinage_Fabrication!I10)) | S10: =IF(R10="","",$D$2+R10) | T10: =IF(S10="","",$H$2-S10) | U10: =IF(T10="","",IF(L10>1,"ATTENTION: duty >100%",IF(AND(T10>=0,P10<=$J$2),"OK",IF(P10>$J$2,"ATTENTION: densite maintien elevee","ATTENTION: risque demagnetisation"))))
A11: =IF(Config_Coil!A11="","",Config_Coil!A11) | B11: =IF(Config_Coil!A11="","",$B$2*Bobinage_Fabrication!C11/(Bobinage_Fabrication!D11*0.000001)) | C11: =IF(Config_Coil!A11="","",Config_Coil!I11) | D11: =IF(Config_Coil!A11="","",C11/B11) | E11: =IF(Config_Coil!A11="","",D11/Bobinage_Fabrication!D11) | F11: =IF(Config_Coil!A11="","",C11*D11) | G11: =IF(Config_Coil!A11="","",F11/($F$2*Bobinage_Fabrication!I11)) | H11: =IF(Config_Coil!A11="","",$P$2*Bobinage_Fabrication!B11*D11) | I11: 1.9709844 | J11: =IF(Config_Coil!A11="","",IF(OR(I11="",I11=0),H11,I11)) | K11: =IF(Config_Coil!A11="","",IF(OR(I11="",I11=0),"estime (N×I)","simule (magpylib)")) | L11: =IF(Config_Coil!A11="","",$N$2) | M11: =IF(L11="","",L11*J11) | N11: =IF(M11="","",M11/9.81*1000) | O11: =IF(L11="","",L11*D11) | P11: =IF(O11="","",O11/Bobinage_Fabrication!D11) | Q11: =IF(L11="","",L11^2*F11) | R11: =IF(Q11="","",Q11/($F$2*Bobinage_Fabrication!I11)) | S11: =IF(R11="","",$D$2+R11) | T11: =IF(S11="","",$H$2-S11) | U11: =IF(T11="","",IF(L11>1,"ATTENTION: duty >100%",IF(AND(T11>=0,P11<=$J$2),"OK",IF(P11>$J$2,"ATTENTION: densite maintien elevee","ATTENTION: risque demagnetisation"))))
A12: =IF(Config_Coil!A12="","",Config_Coil!A12) | B12: =IF(Config_Coil!A12="","",$B$2*Bobinage_Fabrication!C12/(Bobinage_Fabrication!D12*0.000001)) | C12: =IF(Config_Coil!A12="","",Config_Coil!I12) | D12: =IF(Config_Coil!A12="","",C12/B12) | E12: =IF(Config_Coil!A12="","",D12/Bobinage_Fabrication!D12) | F12: =IF(Config_Coil!A12="","",C12*D12) | G12: =IF(Config_Coil!A12="","",F12/($F$2*Bobinage_Fabrication!I12)) | H12: =IF(Config_Coil!A12="","",$P$2*Bobinage_Fabrication!B12*D12) | J12: =IF(Config_Coil!A12="","",IF(OR(I12="",I12=0),H12,I12)) | K12: =IF(Config_Coil!A12="","",IF(OR(I12="",I12=0),"estime (N×I)","simule (magpylib)")) | L12: =IF(Config_Coil!A12="","",$N$2) | M12: =IF(L12="","",L12*J12) | N12: =IF(M12="","",M12/9.81*1000) | O12: =IF(L12="","",L12*D12) | P12: =IF(O12="","",O12/Bobinage_Fabrication!D12) | Q12: =IF(L12="","",L12^2*F12) | R12: =IF(Q12="","",Q12/($F$2*Bobinage_Fabrication!I12)) | S12: =IF(R12="","",$D$2+R12) | T12: =IF(S12="","",$H$2-S12) | U12: =IF(T12="","",IF(L12>1,"ATTENTION: duty >100%",IF(AND(T12>=0,P12<=$J$2),"OK",IF(P12>$J$2,"ATTENTION: densite maintien elevee","ATTENTION: risque demagnetisation"))))
A13: =IF(Config_Coil!A13="","",Config_Coil!A13) | B13: =IF(Config_Coil!A13="","",$B$2*Bobinage_Fabrication!C13/(Bobinage_Fabrication!D13*0.000001)) | C13: =IF(Config_Coil!A13="","",Config_Coil!I13) | D13: =IF(Config_Coil!A13="","",C13/B13) | E13: =IF(Config_Coil!A13="","",D13/Bobinage_Fabrication!D13) | F13: =IF(Config_Coil!A13="","",C13*D13) | G13: =IF(Config_Coil!A13="","",F13/($F$2*Bobinage_Fabrication!I13)) | H13: =IF(Config_Coil!A13="","",$P$2*Bobinage_Fabrication!B13*D13) | J13: =IF(Config_Coil!A13="","",IF(OR(I13="",I13=0),H13,I13)) | K13: =IF(Config_Coil!A13="","",IF(OR(I13="",I13=0),"estime (N×I)","simule (magpylib)")) | L13: =IF(Config_Coil!A13="","",$N$2) | M13: =IF(L13="","",L13*J13) | N13: =IF(M13="","",M13/9.81*1000) | O13: =IF(L13="","",L13*D13) | P13: =IF(O13="","",O13/Bobinage_Fabrication!D13) | Q13: =IF(L13="","",L13^2*F13) | R13: =IF(Q13="","",Q13/($F$2*Bobinage_Fabrication!I13)) | S13: =IF(R13="","",$D$2+R13) | T13: =IF(S13="","",$H$2-S13) | U13: =IF(T13="","",IF(L13>1,"ATTENTION: duty >100%",IF(AND(T13>=0,P13<=$J$2),"OK",IF(P13>$J$2,"ATTENTION: densite maintien elevee","ATTENTION: risque demagnetisation"))))
A14: =IF(Config_Coil!A14="","",Config_Coil!A14) | B14: =IF(Config_Coil!A14="","",$B$2*Bobinage_Fabrication!C14/(Bobinage_Fabrication!D14*0.000001)) | C14: =IF(Config_Coil!A14="","",Config_Coil!I14) | D14: =IF(Config_Coil!A14="","",C14/B14) | E14: =IF(Config_Coil!A14="","",D14/Bobinage_Fabrication!D14) | F14: =IF(Config_Coil!A14="","",C14*D14) | G14: =IF(Config_Coil!A14="","",F14/($F$2*Bobinage_Fabrication!I14)) | H14: =IF(Config_Coil!A14="","",$P$2*Bobinage_Fabrication!B14*D14) | J14: =IF(Config_Coil!A14="","",IF(OR(I14="",I14=0),H14,I14)) | K14: =IF(Config_Coil!A14="","",IF(OR(I14="",I14=0),"estime (N×I)","simule (magpylib)")) | L14: =IF(Config_Coil!A14="","",$N$2) | M14: =IF(L14="","",L14*J14) | N14: =IF(M14="","",M14/9.81*1000) | O14: =IF(L14="","",L14*D14) | P14: =IF(O14="","",O14/Bobinage_Fabrication!D14) | Q14: =IF(L14="","",L14^2*F14) | R14: =IF(Q14="","",Q14/($F$2*Bobinage_Fabrication!I14)) | S14: =IF(R14="","",$D$2+R14) | T14: =IF(S14="","",$H$2-S14) | U14: =IF(T14="","",IF(L14>1,"ATTENTION: duty >100%",IF(AND(T14>=0,P14<=$J$2),"OK",IF(P14>$J$2,"ATTENTION: densite maintien elevee","ATTENTION: risque demagnetisation"))))
A15: =IF(Config_Coil!A15="","",Config_Coil!A15) | B15: =IF(Config_Coil!A15="","",$B$2*Bobinage_Fabrication!C15/(Bobinage_Fabrication!D15*0.000001)) | C15: =IF(Config_Coil!A15="","",Config_Coil!I15) | D15: =IF(Config_Coil!A15="","",C15/B15) | E15: =IF(Config_Coil!A15="","",D15/Bobinage_Fabrication!D15) | F15: =IF(Config_Coil!A15="","",C15*D15) | G15: =IF(Config_Coil!A15="","",F15/($F$2*Bobinage_Fabrication!I15)) | H15: =IF(Config_Coil!A15="","",$P$2*Bobinage_Fabrication!B15*D15) | J15: =IF(Config_Coil!A15="","",IF(OR(I15="",I15=0),H15,I15)) | K15: =IF(Config_Coil!A15="","",IF(OR(I15="",I15=0),"estime (N×I)","simule (magpylib)")) | L15: =IF(Config_Coil!A15="","",$N$2) | M15: =IF(L15="","",L15*J15) | N15: =IF(M15="","",M15/9.81*1000) | O15: =IF(L15="","",L15*D15) | P15: =IF(O15="","",O15/Bobinage_Fabrication!D15) | Q15: =IF(L15="","",L15^2*F15) | R15: =IF(Q15="","",Q15/($F$2*Bobinage_Fabrication!I15)) | S15: =IF(R15="","",$D$2+R15) | T15: =IF(S15="","",$H$2-S15) | U15: =IF(T15="","",IF(L15>1,"ATTENTION: duty >100%",IF(AND(T15>=0,P15<=$J$2),"OK",IF(P15>$J$2,"ATTENTION: densite maintien elevee","ATTENTION: risque demagnetisation"))))
A16: =IF(Config_Coil!A16="","",Config_Coil!A16) | B16: =IF(Config_Coil!A16="","",$B$2*Bobinage_Fabrication!C16/(Bobinage_Fabrication!D16*0.000001)) | C16: =IF(Config_Coil!A16="","",Config_Coil!I16) | D16: =IF(Config_Coil!A16="","",C16/B16) | E16: =IF(Config_Coil!A16="","",D16/Bobinage_Fabrication!D16) | F16: =IF(Config_Coil!A16="","",C16*D16) | G16: =IF(Config_Coil!A16="","",F16/($F$2*Bobinage_Fabrication!I16)) | H16: =IF(Config_Coil!A16="","",$P$2*Bobinage_Fabrication!B16*D16) | J16: =IF(Config_Coil!A16="","",IF(OR(I16="",I16=0),H16,I16)) | K16: =IF(Config_Coil!A16="","",IF(OR(I16="",I16=0),"estime (N×I)","simule (magpylib)")) | L16: =IF(Config_Coil!A16="","",$N$2) | M16: =IF(L16="","",L16*J16) | N16: =IF(M16="","",M16/9.81*1000) | O16: =IF(L16="","",L16*D16) | P16: =IF(O16="","",O16/Bobinage_Fabrication!D16) | Q16: =IF(L16="","",L16^2*F16) | R16: =IF(Q16="","",Q16/($F$2*Bobinage_Fabrication!I16)) | S16: =IF(R16="","",$D$2+R16) | T16: =IF(S16="","",$H$2-S16) | U16: =IF(T16="","",IF(L16>1,"ATTENTION: duty >100%",IF(AND(T16>=0,P16<=$J$2),"OK",IF(P16>$J$2,"ATTENTION: densite maintien elevee","ATTENTION: risque demagnetisation"))))
A17: =IF(Config_Coil!A17="","",Config_Coil!A17) | B17: =IF(Config_Coil!A17="","",$B$2*Bobinage_Fabrication!C17/(Bobinage_Fabrication!D17*0.000001)) | C17: =IF(Config_Coil!A17="","",Config_Coil!I17) | D17: =IF(Config_Coil!A17="","",C17/B17) | E17: =IF(Config_Coil!A17="","",D17/Bobinage_Fabrication!D17) | F17: =IF(Config_Coil!A17="","",C17*D17) | G17: =IF(Config_Coil!A17="","",F17/($F$2*Bobinage_Fabrication!I17)) | H17: =IF(Config_Coil!A17="","",$P$2*Bobinage_Fabrication!B17*D17) | J17: =IF(Config_Coil!A17="","",IF(OR(I17="",I17=0),H17,I17)) | K17: =IF(Config_Coil!A17="","",IF(OR(I17="",I17=0),"estime (N×I)","simule (magpylib)")) | L17: =IF(Config_Coil!A17="","",$N$2) | M17: =IF(L17="","",L17*J17) | N17: =IF(M17="","",M17/9.81*1000) | O17: =IF(L17="","",L17*D17) | P17: =IF(O17="","",O17/Bobinage_Fabrication!D17) | Q17: =IF(L17="","",L17^2*F17) | R17: =IF(Q17="","",Q17/($F$2*Bobinage_Fabrication!I17)) | S17: =IF(R17="","",$D$2+R17) | T17: =IF(S17="","",$H$2-S17) | U17: =IF(T17="","",IF(L17>1,"ATTENTION: duty >100%",IF(AND(T17>=0,P17<=$J$2),"OK",IF(P17>$J$2,"ATTENTION: densite maintien elevee","ATTENTION: risque demagnetisation"))))
A18: =IF(Config_Coil!A18="","",Config_Coil!A18) | B18: =IF(Config_Coil!A18="","",$B$2*Bobinage_Fabrication!C18/(Bobinage_Fabrication!D18*0.000001)) | C18: =IF(Config_Coil!A18="","",Config_Coil!I18) | D18: =IF(Config_Coil!A18="","",C18/B18) | E18: =IF(Config_Coil!A18="","",D18/Bobinage_Fabrication!D18) | F18: =IF(Config_Coil!A18="","",C18*D18) | G18: =IF(Config_Coil!A18="","",F18/($F$2*Bobinage_Fabrication!I18)) | H18: =IF(Config_Coil!A18="","",$P$2*Bobinage_Fabrication!B18*D18) | J18: =IF(Config_Coil!A18="","",IF(OR(I18="",I18=0),H18,I18)) | K18: =IF(Config_Coil!A18="","",IF(OR(I18="",I18=0),"estime (N×I)","simule (magpylib)")) | L18: =IF(Config_Coil!A18="","",$N$2) | M18: =IF(L18="","",L18*J18) | N18: =IF(M18="","",M18/9.81*1000) | O18: =IF(L18="","",L18*D18) | P18: =IF(O18="","",O18/Bobinage_Fabrication!D18) | Q18: =IF(L18="","",L18^2*F18) | R18: =IF(Q18="","",Q18/($F$2*Bobinage_Fabrication!I18)) | S18: =IF(R18="","",$D$2+R18) | T18: =IF(S18="","",$H$2-S18) | U18: =IF(T18="","",IF(L18>1,"ATTENTION: duty >100%",IF(AND(T18>=0,P18<=$J$2),"OK",IF(P18>$J$2,"ATTENTION: densite maintien elevee","ATTENTION: risque demagnetisation"))))
A19: =IF(Config_Coil!A19="","",Config_Coil!A19) | B19: =IF(Config_Coil!A19="","",$B$2*Bobinage_Fabrication!C19/(Bobinage_Fabrication!D19*0.000001)) | C19: =IF(Config_Coil!A19="","",Config_Coil!I19) | D19: =IF(Config_Coil!A19="","",C19/B19) | E19: =IF(Config_Coil!A19="","",D19/Bobinage_Fabrication!D19) | F19: =IF(Config_Coil!A19="","",C19*D19) | G19: =IF(Config_Coil!A19="","",F19/($F$2*Bobinage_Fabrication!I19)) | H19: =IF(Config_Coil!A19="","",$P$2*Bobinage_Fabrication!B19*D19) | J19: =IF(Config_Coil!A19="","",IF(OR(I19="",I19=0),H19,I19)) | K19: =IF(Config_Coil!A19="","",IF(OR(I19="",I19=0),"estime (N×I)","simule (magpylib)")) | L19: =IF(Config_Coil!A19="","",$N$2) | M19: =IF(L19="","",L19*J19) | N19: =IF(M19="","",M19/9.81*1000) | O19: =IF(L19="","",L19*D19) | P19: =IF(O19="","",O19/Bobinage_Fabrication!D19) | Q19: =IF(L19="","",L19^2*F19) | R19: =IF(Q19="","",Q19/($F$2*Bobinage_Fabrication!I19)) | S19: =IF(R19="","",$D$2+R19) | T19: =IF(S19="","",$H$2-S19) | U19: =IF(T19="","",IF(L19>1,"ATTENTION: duty >100%",IF(AND(T19>=0,P19<=$J$2),"OK",IF(P19>$J$2,"ATTENTION: densite maintien elevee","ATTENTION: risque demagnetisation"))))
A20: =IF(Config_Coil!A20="","",Config_Coil!A20) | B20: =IF(Config_Coil!A20="","",$B$2*Bobinage_Fabrication!C20/(Bobinage_Fabrication!D20*0.000001)) | C20: =IF(Config_Coil!A20="","",Config_Coil!I20) | D20: =IF(Config_Coil!A20="","",C20/B20) | E20: =IF(Config_Coil!A20="","",D20/Bobinage_Fabrication!D20) | F20: =IF(Config_Coil!A20="","",C20*D20) | G20: =IF(Config_Coil!A20="","",F20/($F$2*Bobinage_Fabrication!I20)) | H20: =IF(Config_Coil!A20="","",$P$2*Bobinage_Fabrication!B20*D20) | J20: =IF(Config_Coil!A20="","",IF(OR(I20="",I20=0),H20,I20)) | K20: =IF(Config_Coil!A20="","",IF(OR(I20="",I20=0),"estime (N×I)","simule (magpylib)")) | L20: =IF(Config_Coil!A20="","",$N$2) | M20: =IF(L20="","",L20*J20) | N20: =IF(M20="","",M20/9.81*1000) | O20: =IF(L20="","",L20*D20) | P20: =IF(O20="","",O20/Bobinage_Fabrication!D20) | Q20: =IF(L20="","",L20^2*F20) | R20: =IF(Q20="","",Q20/($F$2*Bobinage_Fabrication!I20)) | S20: =IF(R20="","",$D$2+R20) | T20: =IF(S20="","",$H$2-S20) | U20: =IF(T20="","",IF(L20>1,"ATTENTION: duty >100%",IF(AND(T20>=0,P20<=$J$2),"OK",IF(P20>$J$2,"ATTENTION: densite maintien elevee","ATTENTION: risque demagnetisation"))))
A21: =IF(Config_Coil!A21="","",Config_Coil!A21) | B21: =IF(Config_Coil!A21="","",$B$2*Bobinage_Fabrication!C21/(Bobinage_Fabrication!D21*0.000001)) | C21: =IF(Config_Coil!A21="","",Config_Coil!I21) | D21: =IF(Config_Coil!A21="","",C21/B21) | E21: =IF(Config_Coil!A21="","",D21/Bobinage_Fabrication!D21) | F21: =IF(Config_Coil!A21="","",C21*D21) | G21: =IF(Config_Coil!A21="","",F21/($F$2*Bobinage_Fabrication!I21)) | H21: =IF(Config_Coil!A21="","",$P$2*Bobinage_Fabrication!B21*D21) | J21: =IF(Config_Coil!A21="","",IF(OR(I21="",I21=0),H21,I21)) | K21: =IF(Config_Coil!A21="","",IF(OR(I21="",I21=0),"estime (N×I)","simule (magpylib)")) | L21: =IF(Config_Coil!A21="","",$N$2) | M21: =IF(L21="","",L21*J21) | N21: =IF(M21="","",M21/9.81*1000) | O21: =IF(L21="","",L21*D21) | P21: =IF(O21="","",O21/Bobinage_Fabrication!D21) | Q21: =IF(L21="","",L21^2*F21) | R21: =IF(Q21="","",Q21/($F$2*Bobinage_Fabrication!I21)) | S21: =IF(R21="","",$D$2+R21) | T21: =IF(S21="","",$H$2-S21) | U21: =IF(T21="","",IF(L21>1,"ATTENTION: duty >100%",IF(AND(T21>=0,P21<=$J$2),"OK",IF(P21>$J$2,"ATTENTION: densite maintien elevee","ATTENTION: risque demagnetisation"))))
A22: =IF(Config_Coil!A22="","",Config_Coil!A22) | B22: =IF(Config_Coil!A22="","",$B$2*Bobinage_Fabrication!C22/(Bobinage_Fabrication!D22*0.000001)) | C22: =IF(Config_Coil!A22="","",Config_Coil!I22) | D22: =IF(Config_Coil!A22="","",C22/B22) | E22: =IF(Config_Coil!A22="","",D22/Bobinage_Fabrication!D22) | F22: =IF(Config_Coil!A22="","",C22*D22) | G22: =IF(Config_Coil!A22="","",F22/($F$2*Bobinage_Fabrication!I22)) | H22: =IF(Config_Coil!A22="","",$P$2*Bobinage_Fabrication!B22*D22) | J22: =IF(Config_Coil!A22="","",IF(OR(I22="",I22=0),H22,I22)) | K22: =IF(Config_Coil!A22="","",IF(OR(I22="",I22=0),"estime (N×I)","simule (magpylib)")) | L22: =IF(Config_Coil!A22="","",$N$2) | M22: =IF(L22="","",L22*J22) | N22: =IF(M22="","",M22/9.81*1000) | O22: =IF(L22="","",L22*D22) | P22: =IF(O22="","",O22/Bobinage_Fabrication!D22) | Q22: =IF(L22="","",L22^2*F22) | R22: =IF(Q22="","",Q22/($F$2*Bobinage_Fabrication!I22)) | S22: =IF(R22="","",$D$2+R22) | T22: =IF(S22="","",$H$2-S22) | U22: =IF(T22="","",IF(L22>1,"ATTENTION: duty >100%",IF(AND(T22>=0,P22<=$J$2),"OK",IF(P22>$J$2,"ATTENTION: densite maintien elevee","ATTENTION: risque demagnetisation"))))
A23: =IF(Config_Coil!A23="","",Config_Coil!A23) | B23: =IF(Config_Coil!A23="","",$B$2*Bobinage_Fabrication!C23/(Bobinage_Fabrication!D23*0.000001)) | C23: =IF(Config_Coil!A23="","",Config_Coil!I23) | D23: =IF(Config_Coil!A23="","",C23/B23) | E23: =IF(Config_Coil!A23="","",D23/Bobinage_Fabrication!D23) | F23: =IF(Config_Coil!A23="","",C23*D23) | G23: =IF(Config_Coil!A23="","",F23/($F$2*Bobinage_Fabrication!I23)) | H23: =IF(Config_Coil!A23="","",$P$2*Bobinage_Fabrication!B23*D23) | J23: =IF(Config_Coil!A23="","",IF(OR(I23="",I23=0),H23,I23)) | K23: =IF(Config_Coil!A23="","",IF(OR(I23="",I23=0),"estime (N×I)","simule (magpylib)")) | L23: =IF(Config_Coil!A23="","",$N$2) | M23: =IF(L23="","",L23*J23) | N23: =IF(M23="","",M23/9.81*1000) | O23: =IF(L23="","",L23*D23) | P23: =IF(O23="","",O23/Bobinage_Fabrication!D23) | Q23: =IF(L23="","",L23^2*F23) | R23: =IF(Q23="","",Q23/($F$2*Bobinage_Fabrication!I23)) | S23: =IF(R23="","",$D$2+R23) | T23: =IF(S23="","",$H$2-S23) | U23: =IF(T23="","",IF(L23>1,"ATTENTION: duty >100%",IF(AND(T23>=0,P23<=$J$2),"OK",IF(P23>$J$2,"ATTENTION: densite maintien elevee","ATTENTION: risque demagnetisation"))))
... A25: =IF(Config_Coil!A25="","",Config_Coil!A25) | B25: =IF(Config_Coil!A25="","",$B$2*Bobinage_Fabrication!C25/(Bobinage_Fabrication!D25*0.000001)) | C25: =IF(Config_Coil!A25="","",Config_Coil!I25) | D25: =IF(Config_Coil!A25="","",C25/B25) | E25: =IF(Config_Coil!A25="","",D25/Bobinage_Fabrication!D25) | F25: =IF(Config_Coil!A25="","",C25*D25) | G25: =IF(Config_Coil!A25="","",F25/($F$2*Bobinage_Fabrication!I25)) | H25: =IF(Config_Coil!A25="","",$P$2*Bobinage_Fabrication!B25*D25) | J25: =IF(Config_Coil!A25="","",IF(OR(I25="",I25=0),H25,I25)) | K25: =IF(Config_Coil!A25="","",IF(OR(I25="",I25=0),"estime (N×I)","simule (magpylib)")) | L25: =IF(Config_Coil!A25="","",$N$2) | M25: =IF(L25="","",L25*J25) | N25: =IF(M25="","",M25/9.81*1000) | O25: =IF(L25="","",L25*D25) | P25: =IF(O25="","",O25/Bobinage_Fabrication!D25) | Q25: =IF(L25="","",L25^2*F25) | R25: =IF(Q25="","",Q25/($F$2*Bobinage_Fabrication!I25)) | S25: =IF(R25="","",$D$2+R25) | T25: =IF(S25="","",$H$2-S25) | U25: =IF(T25="","",IF(L25>1,"ATTENTION: duty >100%",IF(AND(T25>=0,P25<=$J$2),"OK",IF(P25>$J$2,"ATTENTION: densite maintien elevee","ATTENTION: risque demagnetisation"))))

Sheet Mesures
A1: Mesures — calibration a partir de la resistance mesuree
A2: Mesures reelles faites au multimetre APRES bobinage (optionnel). resistance_measured_ohm (bleu) = ta mesure reelle. Si elle est renseignee, copper_diameter_effective_mm est recalcule a partir de cette resistance (diametre de cuivre qui, avec la longueur de fil theorique, donnerait exactement cette resistance). Compare-le a copper_diameter_theorique_mm (repris de Config_Coil) : si l'ecart est significatif, reporte copper_diameter_effective_mm dans Config_Coil!wire_copper_diameter_mm (en ecrasant la formule automatique) pour recaler tout le modele (Bobinage_Fabrication, Electrique) sur ta fabrication reelle.
A5: config_name | B5: resistance_theorique_ohm | C5: resistance_measured_ohm | D5: ecart_resistance_pct | E5: copper_diameter_theorique_mm | F5: copper_diameter_effective_mm | G5: ecart_diametre_mm
A6: =IF(Config_Coil!A6="","",Config_Coil!A6) | B6: =IF(Config_Coil!A6="","",Electrique!B6) | D6: =IF(OR(A6="",C6="",C6=0),"",(C6-B6)/B6*100) | E6: =IF(Config_Coil!A6="","",Config_Coil!F6) | F6: =IF(OR(A6="",C6="",C6=0),"",2*SQRT(Electrique!$B$2*Bobinage_Fabrication!C6/(C6*PI()))*1000) | G6: =IF(F6="","",F6-E6)
A7: =IF(Config_Coil!A7="","",Config_Coil!A7) | B7: =IF(Config_Coil!A7="","",Electrique!B7) | D7: =IF(OR(A7="",C7="",C7=0),"",(C7-B7)/B7*100) | E7: =IF(Config_Coil!A7="","",Config_Coil!F7) | F7: =IF(OR(A7="",C7="",C7=0),"",2*SQRT(Electrique!$B$2*Bobinage_Fabrication!C7/(C7*PI()))*1000) | G7: =IF(F7="","",F7-E7)
A8: =IF(Config_Coil!A8="","",Config_Coil!A8) | B8: =IF(Config_Coil!A8="","",Electrique!B8) | D8: =IF(OR(A8="",C8="",C8=0),"",(C8-B8)/B8*100) | E8: =IF(Config_Coil!A8="","",Config_Coil!F8) | F8: =IF(OR(A8="",C8="",C8=0),"",2*SQRT(Electrique!$B$2*Bobinage_Fabrication!C8/(C8*PI()))*1000) | G8: =IF(F8="","",F8-E8)
A9: =IF(Config_Coil!A9="","",Config_Coil!A9) | B9: =IF(Config_Coil!A9="","",Electrique!B9) | D9: =IF(OR(A9="",C9="",C9=0),"",(C9-B9)/B9*100) | E9: =IF(Config_Coil!A9="","",Config_Coil!F9) | F9: =IF(OR(A9="",C9="",C9=0),"",2*SQRT(Electrique!$B$2*Bobinage_Fabrication!C9/(C9*PI()))*1000) | G9: =IF(F9="","",F9-E9)
A10: =IF(Config_Coil!A10="","",Config_Coil!A10) | B10: =IF(Config_Coil!A10="","",Electrique!B10) | D10: =IF(OR(A10="",C10="",C10=0),"",(C10-B10)/B10*100) | E10: =IF(Config_Coil!A10="","",Config_Coil!F10) | F10: =IF(OR(A10="",C10="",C10=0),"",2*SQRT(Electrique!$B$2*Bobinage_Fabrication!C10/(C10*PI()))*1000) | G10: =IF(F10="","",F10-E10)
A11: =IF(Config_Coil!A11="","",Config_Coil!A11) | B11: =IF(Config_Coil!A11="","",Electrique!B11) | D11: =IF(OR(A11="",C11="",C11=0),"",(C11-B11)/B11*100) | E11: =IF(Config_Coil!A11="","",Config_Coil!F11) | F11: =IF(OR(A11="",C11="",C11=0),"",2*SQRT(Electrique!$B$2*Bobinage_Fabrication!C11/(C11*PI()))*1000) | G11: =IF(F11="","",F11-E11)
A12: =IF(Config_Coil!A12="","",Config_Coil!A12) | B12: =IF(Config_Coil!A12="","",Electrique!B12) | D12: =IF(OR(A12="",C12="",C12=0),"",(C12-B12)/B12*100) | E12: =IF(Config_Coil!A12="","",Config_Coil!F12) | F12: =IF(OR(A12="",C12="",C12=0),"",2*SQRT(Electrique!$B$2*Bobinage_Fabrication!C12/(C12*PI()))*1000) | G12: =IF(F12="","",F12-E12)
A13: =IF(Config_Coil!A13="","",Config_Coil!A13) | B13: =IF(Config_Coil!A13="","",Electrique!B13) | D13: =IF(OR(A13="",C13="",C13=0),"",(C13-B13)/B13*100) | E13: =IF(Config_Coil!A13="","",Config_Coil!F13) | F13: =IF(OR(A13="",C13="",C13=0),"",2*SQRT(Electrique!$B$2*Bobinage_Fabrication!C13/(C13*PI()))*1000) | G13: =IF(F13="","",F13-E13)
A14: =IF(Config_Coil!A14="","",Config_Coil!A14) | B14: =IF(Config_Coil!A14="","",Electrique!B14) | D14: =IF(OR(A14="",C14="",C14=0),"",(C14-B14)/B14*100) | E14: =IF(Config_Coil!A14="","",Config_Coil!F14) | F14: =IF(OR(A14="",C14="",C14=0),"",2*SQRT(Electrique!$B$2*Bobinage_Fabrication!C14/(C14*PI()))*1000) | G14: =IF(F14="","",F14-E14)
A15: =IF(Config_Coil!A15="","",Config_Coil!A15) | B15: =IF(Config_Coil!A15="","",Electrique!B15) | D15: =IF(OR(A15="",C15="",C15=0),"",(C15-B15)/B15*100) | E15: =IF(Config_Coil!A15="","",Config_Coil!F15) | F15: =IF(OR(A15="",C15="",C15=0),"",2*SQRT(Electrique!$B$2*Bobinage_Fabrication!C15/(C15*PI()))*1000) | G15: =IF(F15="","",F15-E15)
A16: =IF(Config_Coil!A16="","",Config_Coil!A16) | B16: =IF(Config_Coil!A16="","",Electrique!B16) | D16: =IF(OR(A16="",C16="",C16=0),"",(C16-B16)/B16*100) | E16: =IF(Config_Coil!A16="","",Config_Coil!F16) | F16: =IF(OR(A16="",C16="",C16=0),"",2*SQRT(Electrique!$B$2*Bobinage_Fabrication!C16/(C16*PI()))*1000) | G16: =IF(F16="","",F16-E16)
A17: =IF(Config_Coil!A17="","",Config_Coil!A17) | B17: =IF(Config_Coil!A17="","",Electrique!B17) | D17: =IF(OR(A17="",C17="",C17=0),"",(C17-B17)/B17*100) | E17: =IF(Config_Coil!A17="","",Config_Coil!F17) | F17: =IF(OR(A17="",C17="",C17=0),"",2*SQRT(Electrique!$B$2*Bobinage_Fabrication!C17/(C17*PI()))*1000) | G17: =IF(F17="","",F17-E17)
... A25: =IF(Config_Coil!A25="","",Config_Coil!A25) | B25: =IF(Config_Coil!A25="","",Electrique!B25) | D25: =IF(OR(A25="",C25="",C25=0),"",(C25-B25)/B25*100) | E25: =IF(Config_Coil!A25="","",Config_Coil!F25) | F25: =IF(OR(A25="",C25="",C25=0),"",2*SQRT(Electrique!$B$2*Bobinage_Fabrication!C25/(C25*PI()))*1000) | G25: =IF(F25="","",F25-E25)
